iteration	score	best_score	status	timestamp
0	0.7754	0.7754	baseline	2026-04-09T23:28:08.897239
1	0.0000	0.7754	reject:empty output	2026-04-09T23:28:12.239667
2	0.0000	0.7754	reject:empty output	2026-04-09T23:28:15.093125
3	0.0000	0.7754	reject:empty output	2026-04-09T23:28:17.616908
4	0.0000	0.7754	reject:empty output	2026-04-09T23:28:20.395217
5	0.0000	0.7754	reject:empty output	2026-04-09T23:28:22.932892
6	0.0000	0.7754	reject:empty output	2026-04-09T23:28:25.709973
7	0.0000	0.7754	reject:empty output	2026-04-09T23:28:28.504686
8	0.0000	0.7754	reject:empty output	2026-04-09T23:28:31.188302
9	0.0000	0.7754	reject:empty output	2026-04-09T23:28:33.942480
10	0.0000	0.7754	reject:empty output	2026-04-09T23:28:36.662586
11	0.0000	0.7754	reject:empty output	2026-04-09T23:28:39.332073
12	0.0000	0.7754	reject:empty output	2026-04-09T23:28:41.958033
13	0.0000	0.7754	reject:empty output	2026-04-09T23:28:44.650413
14	0.0000	0.7754	reject:empty output	2026-04-09T23:28:47.179075
15	0.0000	0.7754	reject:empty output	2026-04-09T23:28:49.872661
